marker_lat,marker_lng,proposed_name,text_lat,text_lng,horizontal_difference,vertical_difference,score,nearest_other_title,nearest_other_score,confidence,action,notes
-76.97024507077676,-90.19775390625001,Pisquheege,-65.14629225164387,-91.44821485869174,1.250461,11.823953,13.699644,Wepowaug,17.219128,low,leave unchanged,Nearest settlement title is too far away for a visually obvious match.
-4.4997617436205255,143.10791015625003,Pamet,-3.4037578795775887,142.07519531250003,1.032715,1.096004,2.645076,Meeshawn,19.023676,high,rename automatically,Close to and clearly separated from the next-nearest settlement title.
-65.90165338613072,29.355468750000004,Woossowenbiskw,-43.6920917086009,30.67477315482552,1.319304,22.209562,24.188518,Cocumcosuck,32.614935,duplicate,review,A named settlement marker (Pawtucket) is closer to the proposed title.
48.1367666796927,-43.98925781250001,Peskeomskut,48.28422591656822,-46.87000145904557,2.880744,0.147459,4.468575,Pocumtuck,13.914740,high,rename automatically,Close to and clearly separated from the next-nearest settlement title.
54.67383096593114,-37.79296875000001,Squakeag,55.32914440840507,-39.06738281250001,1.274414,0.655313,2.566935,Ktsi pontekw,14.894605,high,rename automatically,Close to and clearly separated from the next-nearest settlement title.
26.155267744564583,-48.273795628065834,Nonotuck,26.391869671769022,-51.13037109375,2.856575,0.236602,4.521465,Pocumtuck,23.063292,duplicate,review,A named settlement marker (Nonotuck) is closer to the proposed title.
-62.33941057752869,-31.508789062500004,Pashesauke,-61.88709608905768,-33.28804828910797,1.779259,0.452314,3.121203,Pochaug,12.608978,high,rename automatically,Close to and clearly separated from the next-nearest settlement title.
-59.3556624873046,88.22009383600171,Aquinnah,-59.987912041060916,87.31922204785454,0.900872,0.632250,1.983557,Mashatanauke,3.543599,high,rename automatically,Close to and clearly separated from the next-nearest settlement title.
-71.7739410364347,-28.278808593750004,Pashesauke,-61.88709608905768,-33.28804828910797,5.009240,9.886845,17.400704,Acabonack,20.000997,low,leave unchanged,Nearest settlement title is too far away for a visually obvious match.
-72.24891676830892,-27.004394531250004,Acabonack,-72.32913739787085,-15.314941406250002,11.689453,0.080221,17.614400,Pashesauke,19.787301,low,leave unchanged,Nearest settlement title is too far away for a visually obvious match.
-72.57424976385356,-23.26904296875,Acabonack,-72.32913739787085,-15.314941406250002,7.954102,0.245112,12.176265,Pashesauke,25.715662,low,leave unchanged,Nearest settlement title is too far away for a visually obvious match.
-70.12542991464234,4.855957031250001,Munchogue,-70.31133703000764,5.163574218750001,0.307617,0.185907,0.647333,Wompenanit,0.692231,medium,review,The two nearest settlement titles have nearly equal scores.
-74.45524706208214,-34.34326171875001,Pashesauke,-61.88709608905768,-33.28804828910797,1.055213,12.568151,14.150971,Pochaug,20.228716,low,leave unchanged,Nearest settlement title is too far away for a visually obvious match.
-72.46865875387394,-21.796875000000004,Acabonack,-72.32913739787085,-15.314941406250002,6.481934,0.139521,9.862422,Pequotauk,25.936328,low,leave unchanged,Nearest settlement title is too far away for a visually obvious match.
-75.66675882465918,-42.42919921875001,Pochaug,-62.46160496515689,-39.83331129165111,2.595888,13.205154,17.098986,Pashesauke,27.491389,low,leave unchanged,Nearest settlement title is too far away for a visually obvious match.
-75.85591106616448,-42.64892578125001,Pochaug,-62.46160496515689,-39.83331129165111,2.815614,13.394306,17.617728,Pashesauke,28.010131,low,leave unchanged,Nearest settlement title is too far away for a visually obvious match.
-76.03201380959756,-42.20947265625,Pochaug,-62.46160496515689,-39.83331129165111,2.376161,13.570409,17.134651,Pashesauke,27.527054,low,leave unchanged,Nearest settlement title is too far away for a visually obvious match.
-76.33633385775283,-42.5390625,Pochaug,-62.46160496515689,-39.83331129165111,2.705751,13.874729,17.933356,Pashesauke,28.325759,low,leave unchanged,Nearest settlement title is too far away for a visually obvious match.
-75.13514201950775,-37.41943359375001,Pochaug,-62.46160496515689,-39.83331129165111,2.413878,12.673537,16.294354,Pashesauke,19.445124,low,leave unchanged,Nearest settlement title is too far away for a visually obvious match.
-75.53013598609306,-30.498046875000004,Pashesauke,-61.88709608905768,-33.28804828910797,2.790001,13.643040,17.828042,Acabonack,25.975657,low,leave unchanged,Nearest settlement title is too far away for a visually obvious match.
-71.6774828543785,-19.951171875000004,Acabonack,-72.32913739787085,-15.314941406250002,4.636230,0.651655,7.606000,Pequotauk,22.376598,low,leave unchanged,Nearest settlement title is too far away for a visually obvious match.
-71.89040942842333,-21.467285156250004,Acabonack,-72.32913739787085,-15.314941406250002,6.152344,0.438728,9.667244,Pequotauk,24.863694,low,leave unchanged,Nearest settlement title is too far away for a visually obvious match.
-71.86306997499312,-19.753417968750004,Acabonack,-72.32913739787085,-15.314941406250002,4.438477,0.466067,7.123782,Pequotauk,22.265554,low,leave unchanged,Nearest settlement title is too far away for a visually obvious match.
-71.32191469801221,-15.029296875000002,Acabonack,-72.32913739787085,-15.314941406250002,0.285645,1.007223,1.435689,Pequotauk,14.638217,medium,review,Another placeholder marker is closer to this same title; left unchanged to preserve one-to-one matching.
-71.76019138754776,-16.721191406250004,Acabonack,-72.32913739787085,-15.314941406250002,1.406250,0.568946,2.678321,Pequotauk,17.614336,medium,review,Another placeholder marker is closer to this same title; left unchanged to preserve one-to-one matching.
-71.91088787611527,-14.765625000000002,Acabonack,-72.32913739787085,-15.314941406250002,0.549316,0.418250,1.242224,Pequotauk,14.831683,high,rename automatically,Close to and clearly separated from the next-nearest settlement title.
-72.3424643905499,-13.886718750000002,Acabonack,-72.32913739787085,-15.314941406250002,1.428223,0.013327,2.155661,Pequotauk,13.944900,medium,review,Another placeholder marker is closer to this same title; left unchanged to preserve one-to-one matching.
-72.6530383592017,-16.918945312500004,Acabonack,-72.32913739787085,-15.314941406250002,1.604004,0.323901,2.729907,Pequotauk,18.803813,medium,review,Another placeholder marker is closer to this same title; left unchanged to preserve one-to-one matching.
-75.68306846179547,-122.49755859375001,Werpos,-79.70291005763919,-157.74169921875003,35.244141,4.019842,56.886053,Pisquheege,57.110792,duplicate,review,A named settlement marker (Werpos) is closer to the proposed title.
-75.25864871532573,-125.61767578125001,Werpos,-79.70291005763919,-157.74169921875003,32.124023,4.444261,52.630296,Nayack,61.252005,duplicate,review,A named settlement marker (Werpos) is closer to the proposed title.
-75.85591106616448,-124.67285156250001,Werpos,-79.70291005763919,-157.74169921875003,33.068848,3.846999,53.450270,Pisquheege,60.546574,duplicate,review,A named settlement marker (Werpos) is closer to the proposed title.
-75.05035357407698,-118.95996093750001,Pisquheege,-65.14629225164387,-91.44821485869174,27.511746,9.904061,51.171680,Wepowaug,58.442547,duplicate,review,A named settlement marker (Pawtucket) is closer to the proposed title.
-75.01630602063717,-116.87255859375001,Pisquheege,-65.14629225164387,-91.44821485869174,25.424344,9.870014,48.006529,Wepowaug,55.277396,duplicate,review,A named settlement marker (Pawtucket) is closer to the proposed title.
-75.47513069090053,-116.96044921875,Pisquheege,-65.14629225164387,-91.44821485869174,25.512234,10.328838,48.597190,Wepowaug,55.868057,duplicate,review,A named settlement marker (Pawtucket) is closer to the proposed title.
-76.44490733708945,-44.71435546875,Pochaug,-62.46160496515689,-39.83331129165111,4.881044,13.983302,21.304869,Pashesauke,31.697272,low,leave unchanged,Nearest settlement title is too far away for a visually obvious match.
-76.14295846479848,-45.966796875,Pochaug,-62.46160496515689,-39.83331129165111,6.133486,13.681353,22.881582,Pashesauke,33.273985,low,leave unchanged,Nearest settlement title is too far away for a visually obvious match.
-76.58325853729983,-46.51611328125,Pochaug,-62.46160496515689,-39.83331129165111,6.682802,14.121654,24.145857,Pashesauke,34.538260,low,leave unchanged,Nearest settlement title is too far away for a visually obvious match.
-76.8207925254374,-48.69140625,Pochaug,-62.46160496515689,-39.83331129165111,8.858095,14.359188,27.646330,Pashesauke,38.038733,low,leave unchanged,Nearest settlement title is too far away for a visually obvious match.
-77.03941844273028,-49.37255859375001,Pochaug,-62.46160496515689,-39.83331129165111,9.539247,14.577813,28.886684,Pashesauke,39.279088,low,leave unchanged,Nearest settlement title is too far away for a visually obvious match.
-77.0836963067392,-50.42724609375001,Pochaug,-62.46160496515689,-39.83331129165111,10.593935,14.622091,30.512994,Pashesauke,40.905397,low,leave unchanged,Nearest settlement title is too far away for a visually obvious match.
-75.30331101068566,-47.06542968750001,Pochaug,-62.46160496515689,-39.83331129165111,7.232118,12.841706,23.689884,Pashesauke,34.082287,low,leave unchanged,Nearest settlement title is too far away for a visually obvious match.
-74.83918324990893,-55.4150390625,Totoket,-59.888936896765834,-68.00542837562294,12.590389,14.950246,33.835830,Pochaug,35.750170,low,leave unchanged,Nearest settlement title is too far away for a visually obvious match.
-75.67763393603113,-56.6455078125,Totoket,-59.888936896765834,-68.00542837562294,11.359921,15.788697,32.828578,Pochaug,38.434324,low,leave unchanged,Nearest settlement title is too far away for a visually obvious match.
-75.53562529096112,-68.88427734375001,Totoket,-59.888936896765834,-68.00542837562294,0.878849,15.646688,16.964962,Mioonktuck,20.835876,low,leave unchanged,Nearest settlement title is too far away for a visually obvious match.
-74.74696664174384,-70.09277343750001,Totoket,-59.888936896765834,-68.00542837562294,2.087345,14.858030,17.989047,Mioonktuck,18.234473,low,leave unchanged,Nearest settlement title is too far away for a visually obvious match.
-75.18017014726308,-67.25830078125001,Totoket,-59.888936896765834,-68.00542837562294,0.747128,15.291233,16.411925,Mioonktuck,22.919385,low,leave unchanged,Nearest settlement title is too far away for a visually obvious match.
58.56252272853734,65.96191406250001,Pentucket,59.18718526575666,64.62158203125001,1.340332,0.624663,2.635161,Kenoza,3.758605,high,rename automatically,Close to and clearly separated from the next-nearest settlement title.
60.08676274626006,67.93945312500001,Kenoza,60.673178565817715,67.06054687500001,0.878906,0.586416,1.904775,Pentucket,5.876384,high,rename automatically,Close to and clearly separated from the next-nearest settlement title.
62.103882522897884,77.60742187500001,Kwaskwaikikwen,58.676937672586924,80.72753906250001,3.120117,3.426945,8.107121,Nahumkeak,16.248767,low,leave unchanged,Nearest settlement title is too far away for a visually obvious match.
59.31076795603884,74.17968750000001,Kwaskwaikikwen,58.676937672586924,80.72753906250001,6.547852,0.633830,10.455608,Shenewemedy,11.555047,low,leave unchanged,Nearest settlement title is too far away for a visually obvious match.
58.06625598088457,83.03466796875001,Kwaskwaikikwen,58.676937672586924,80.72753906250001,2.307129,0.610682,4.071375,Chebaco,13.055568,high,rename automatically,Close to and clearly separated from the next-nearest settlement title.
47.30903424774781,89.75830078125001,Agawam,53.0936976235228,89.55965115107843,0.198650,5.784663,6.082638,Chebaco,7.787103,duplicate,review,A named settlement marker (Agawam) is closer to the proposed title.
47.62097541515849,80.77148437500001,Nahumkeak,48.32703913063479,79.25537109375001,1.516113,0.706064,2.980234,Wahquamesecok,8.413565,high,rename automatically,Close to and clearly separated from the next-nearest settlement title.
45.213003555993964,78.11279296875001,Wahquamesecok,45.99696161820381,76.24511718750001,1.867676,0.783958,3.585472,Nahumkeak,4.827903,high,rename automatically,Close to and clearly separated from the next-nearest settlement title.
-65.07213008560697,-85.49560546875001,Wepowaug,-64.6333606369832,-86.94292460352015,1.447319,0.438769,2.609748,Pisquheege,9.003076,high,rename automatically,Close to and clearly separated from the next-nearest settlement title.
-65.62202261510642,-90.02197265625,Pisquheege,-65.14629225164387,-91.44821485869174,1.426242,0.475730,2.615094,Wepowaug,5.607234,high,rename automatically,Close to and clearly separated from the next-nearest settlement title.
-62.73460087706358,-72.81738281250001,Mioonktuck,-62.246888547856656,-73.91570335427505,1.098321,0.487712,2.135193,Totoket,10.063596,high,rename automatically,Close to and clearly separated from the next-nearest settlement title.
-59.265880628258095,-12.041015625000002,Pequotauk,-59.25480647478875,-13.315224246233583,1.274209,0.011074,1.922387,Noank,11.359429,high,rename automatically,Close to and clearly separated from the next-nearest settlement title.
-39.23225314171489,102.06298828125001,Sachonesset,-39.147102707700746,100.48095703125,1.582031,0.085150,2.458197,Pispogutt,6.995669,high,rename automatically,Close to and clearly separated from the next-nearest settlement title.
-37.94419750075404,110.12695312500001,Mashpee,-38.30809432604605,111.99729824152816,1.870345,0.363897,3.169415,Paupoesit,3.329846,medium,review,The two nearest settlement titles have nearly equal scores.
-40.64730356252251,108.14941406250001,Ashimuit,-40.597270634420255,106.85285549813123,1.296559,0.050033,1.994871,Waquoit,2.440424,medium,review,The two nearest settlement titles have nearly equal scores.
-38.37611542403603,112.98339843750001,Mashpee,-38.30809432604605,111.99729824152816,0.986100,0.068021,1.547171,Santuit,2.941788,high,rename automatically,Close to and clearly separated from the next-nearest settlement title.
-43.02071359427861,110.10498046875001,Weesquabs,-43.16512263158296,111.75292968750001,1.647949,0.144409,2.616333,Waquoit,2.866336,medium,review,The two nearest settlement titles have nearly equal scores.
-43.9928145004899,113.26904296875,Weesquabs,-43.16512263158296,111.75292968750001,1.516113,0.827692,3.101862,Cotuit,5.487376,high,rename automatically,Close to and clearly separated from the next-nearest settlement title.
-40.613952441166596,115.11474609375,Cotuit,-39.757879992021756,114.10400390625001,1.010742,0.856072,2.372186,Cotachessett,3.590852,high,rename automatically,Close to and clearly separated from the next-nearest settlement title.
-21.47351753334985,79.82666015625001,Wampanucket,-20.468099350519722,77.8710362264454,1.955624,1.005418,3.938854,Namasachet,5.736809,high,rename automatically,Close to and clearly separated from the next-nearest settlement title.
-17.832374329567507,70.79589843750001,Cohannet,-16.720385051693988,69.45556640625001,1.340332,1.111989,3.122487,Titicut,5.923378,high,rename automatically,Close to and clearly separated from the next-nearest settlement title.
-14.157881896141461,73.27880859375001,Titicut,-14.051330743518175,72.22412109375001,1.054688,0.106551,1.688582,Pachade,7.247346,high,rename automatically,Close to and clearly separated from the next-nearest settlement title.
5.900188795584184,-8.415527343750002,Maanexit,-4.653124537311702,0.4193294401477488,8.834857,10.553313,23.805599,Menameset,32.862225,low,leave unchanged,Nearest settlement title is too far away for a visually obvious match.
6.293458760393985,-9.799804687500002,Maanexit,-4.653124537311702,0.4193294401477488,10.219134,10.946583,26.275284,Menameset,30.392539,low,leave unchanged,Nearest settlement title is too far away for a visually obvious match.
5.309766171943691,-9.514160156250002,Maanexit,-4.653124537311702,0.4193294401477488,9.933490,9.962891,24.863125,Menameset,31.804698,low,leave unchanged,Nearest settlement title is too far away for a visually obvious match.
7.035475652433024,-9.492187500000002,Maanexit,-4.653124537311702,0.4193294401477488,9.911517,11.688600,26.555876,Menameset,30.111947,low,leave unchanged,Nearest settlement title is too far away for a visually obvious match.
12.12526421833159,-9.316406250000002,Menameset,29.171348850951507,-14.809570312500002,5.493164,17.046085,25.285831,Maanexit,31.381992,low,leave unchanged,Nearest settlement title is too far away for a visually obvious match.
16.762467717941604,-15.139160156250002,Menameset,29.171348850951507,-14.809570312500002,0.329590,12.408881,12.903266,Nichewaug,27.112738,low,leave unchanged,Nearest settlement title is too far away for a visually obvious match.
19.16592425362802,6.745605468750001,Waushacum,34.016241889667036,13.688964843750002,6.943359,14.850318,25.265357,Quinnatisset,32.019605,low,leave unchanged,Nearest settlement title is too far away for a visually obvious match.
16.846605106396304,10.898437500000002,Waushacum,34.016241889667036,13.688964843750002,2.790527,17.169637,21.355428,Nashua,31.040731,low,leave unchanged,Nearest settlement title is too far away for a visually obvious match.
20.673905264672843,13.974609375000002,Waushacum,34.016241889667036,13.688964843750002,0.285645,13.342337,13.770803,Nashua,22.599173,low,leave unchanged,Nearest settlement title is too far away for a visually obvious match.
-62.48187744898419,-38.6279296875,Pochaug,-62.46160496515689,-39.83331129165111,1.205382,0.020272,1.828345,Pashesauke,8.604603,high,rename automatically,Close to and clearly separated from the next-nearest settlement title.
-49.224772722794825,-20.676269531250004,Poquechanneeg,-39.16414104768743,-19.335937500000004,1.340332,10.060632,12.071130,Willlmantic,16.787206,low,leave unchanged,Nearest settlement title is too far away for a visually obvious match.
-21.493963563064455,5.229492187500001,Attawangan,-21.47353538728909,4.176472870583311,1.053019,0.020428,1.599957,Quinnatisset,13.230605,high,rename automatically,Close to and clearly separated from the next-nearest settlement title.
6.533645130567532,-59.80957031250001,Nonotuck,26.391869671769022,-51.13037109375,8.679199,19.858225,32.877023,Pocumtuck,51.418850,duplicate,review,A named settlement marker (Nonotuck) is closer to the proposed title.
-34.361576287484176,-97.294921875,Peatan,-34.30759287914818,-98.08508286433172,0.790161,0.053983,1.239225,Meshapock,20.960439,high,rename automatically,Close to and clearly separated from the next-nearest settlement title.
-48.19538740833338,-91.23046875,Meshapock,-48.137018484279025,-92.50492390075328,1.274455,0.058369,1.970052,Naugatuck,3.301542,high,rename automatically,Close to and clearly separated from the next-nearest settlement title.
-49.65340458843789,-88.94531250000001,Naugatuck,-49.58228824034103,-89.95404136308912,1.008729,0.071116,1.584210,Meshapock,6.855803,high,rename automatically,Close to and clearly separated from the next-nearest settlement title.
-33.46810795527895,-19.577636718750004,Willlmantic,-32.602361666817515,-20.786132812500004,1.208496,0.865746,2.678490,Poquechanneeg,6.058582,high,rename automatically,Close to and clearly separated from the next-nearest settlement title.
-17.308687886770024,81.40869140625001,Namasachet,-16.29903259997615,80.20154300720772,1.207148,1.009655,2.820378,Wampanucket,8.465894,high,rename automatically,Close to and clearly separated from the next-nearest settlement title.
11.005904459659451,-109.40185546875001,Scatekook,11.931858584012664,-110.16818661278329,0.766331,0.925954,2.075451,Oustonuck,3.586413,high,rename automatically,Close to and clearly separated from the next-nearest settlement title.
13.966054081318314,-107.86376953125001,Oustonuck,14.029586440616434,-109.02670143532063,1.162932,0.063532,1.807930,Scatekook,5.490821,high,rename automatically,Close to and clearly separated from the next-nearest settlement title.
-16.99375545289455,-116.27929687500001,Scatekook,11.931858584012664,-110.16818661278329,6.111110,28.925614,38.092279,Oustonuck,41.902235,duplicate,review,A named settlement marker (Wnahtukook) is closer to the proposed title.
-58.859223547066584,-2.0874023437500004,Mistic,-58.36726366448147,-2.702012177300084,0.614610,0.491960,1.413875,Noank,5.068633,high,rename automatically,Close to and clearly separated from the next-nearest settlement title.
-60.29429873400916,-4.042968750000001,Noank,-59.81137296969263,-4.831724521069415,0.788756,0.482926,1.666059,Mistic,3.938470,high,rename automatically,Close to and clearly separated from the next-nearest settlement title.
-56.860985750644886,3.9770507812500004,Asupsuck,-56.789121967927656,2.8785083629072,1.098542,0.071864,1.719677,Wequetequock,3.413227,high,rename automatically,Close to and clearly separated from the next-nearest settlement title.
-60.04288763076307,3.7133789062500004,Aushnook,-59.511789280392115,2.593940343893273,1.119439,0.531098,2.210256,Wequetequock,2.609113,medium,review,The two nearest settlement titles have nearly equal scores.
-40.094872337893925,-18.171386718750004,Poquechanneeg,-39.16414104768743,-19.335937500000004,1.164551,0.930731,2.677557,Willlmantic,11.414630,high,rename automatically,Close to and clearly separated from the next-nearest settlement title.
36.03133177633189,21.071777343750004,Nashaway,36.8268747428773,20.061035156250004,1.010742,0.795543,2.311656,Nashua,6.813280,high,rename automatically,Close to and clearly separated from the next-nearest settlement title.
51.303145259199084,47.35107421875001,Pawtucket,51.984880139916655,45.94482421875,1.406250,0.681735,2.791110,Wamesit,5.473890,high,rename automatically,Close to and clearly separated from the next-nearest settlement title.
37.92977319243816,23.80833384119878,Nashaway,36.8268747428773,20.061035156250004,3.747299,1.102898,6.723846,Nashua,9.407281,low,leave unchanged,Nearest settlement title is too far away for a visually obvious match.
43.43696596521823,51.70166015625001,Shawshinok,41.07932570552366,54.77783201405636,3.076172,2.357640,6.971898,Wamesit,8.918168,low,leave unchanged,Nearest settlement title is too far away for a visually obvious match.
40.21246025329131,56.030281649008565,Shawshinok,41.07932570552366,54.77783201405636,1.252450,0.866865,2.745540,Misticke,12.314473,high,rename automatically,Close to and clearly separated from the next-nearest settlement title.
27.0982539061379,38.03466796875001,Penobscot,27.896987499832555,36.869213245927774,1.165455,0.798734,2.546916,Whipsuppenike,13.455770,high,rename automatically,Close to and clearly separated from the next-nearest settlement title.
24.32707654001865,31.113281250000004,Whipsuppenike,29.743477300551824,30.827636911847904,0.285644,5.416401,5.844867,Okommakamesit,5.935414,low,leave unchanged,Nearest settlement title is too far away for a visually obvious match.
-14.41340016520608,10.9423828125,Quaddick,-14.391734022653369,10.043698018975347,0.898685,0.021666,1.369693,Quinnatisset,7.854886,high,rename automatically,Close to and clearly separated from the next-nearest settlement title.
-11.759814674441921,8.613281250000002,Quinnatisset,-11.69560464311918,7.517656097640383,1.095625,0.064210,1.707648,Quaddick,4.777545,high,rename automatically,Close to and clearly separated from the next-nearest settlement title.
-5.725311447610142,1.0766601562500002,Maanexit,-4.653124537311702,0.4193294401477488,0.657331,1.072187,2.058183,Quinnatisset,15.631787,high,rename automatically,Close to and clearly separated from the next-nearest settlement title.
-15.982453522973495,21.4453125,Chepachet,-15.072123545811683,20.456542968750004,0.988770,0.910330,2.393484,Nipsachuck,13.597246,high,rename automatically,Close to and clearly separated from the next-nearest settlement title.
29.516110386062277,-12.502441406250002,Menameset,29.171348850951507,-14.809570312500002,2.307129,0.344762,3.805455,Nichewaug,18.314174,medium,review,Another placeholder marker is closer to this same title; left unchanged to preserve one-to-one matching.
28.091366281406945,-13.623046875,Menameset,29.171348850951507,-14.809570312500002,1.186523,1.079983,2.859768,Nichewaug,18.058010,medium,review,Another placeholder marker is closer to this same title; left unchanged to preserve one-to-one matching.
27.352252938063845,-14.611816406250002,Menameset,29.171348850951507,-14.809570312500002,0.197754,1.819096,2.115727,Nichewaug,17.313969,high,rename automatically,Close to and clearly separated from the next-nearest settlement title.
28.70986084394286,60.07324218750001,Squibnocket,29.76289765511265,59.17236319131399,0.900879,1.053037,2.404355,Misticke,5.252567,high,rename automatically,Close to and clearly separated from the next-nearest settlement title.
23.221154981846556,58.82080078125001,Squibnocket,29.76289765511265,59.17236319131399,0.351562,6.541743,7.069086,Misticke,11.960756,low,leave unchanged,Nearest settlement title is too far away for a visually obvious match.
-12.875939037217996,28.850097656250004,Nipsachuck,-11.910353555774101,27.795410156250004,1.054688,0.965585,2.547617,Chepachet,14.786517,high,rename automatically,Close to and clearly separated from the next-nearest settlement title.
-0.3981522316457348,28.740234375000004,Nipsachuck,-11.910353555774101,27.795410156250004,0.944824,11.512201,12.929438,Mucksquit,26.258343,low,leave unchanged,Nearest settlement title is too far away for a visually obvious match.
2.284467588374642,28.1689453125,Nipsachuck,-11.910353555774101,27.795410156250004,0.373535,14.194821,14.755124,Mucksquit,24.432657,low,leave unchanged,Nearest settlement title is too far away for a visually obvious match.
3.5349053313990932,28.410644531250004,Nipsachuck,-11.910353555774101,27.795410156250004,0.615234,15.445259,16.368110,Mucksquit,22.819670,low,leave unchanged,Nearest settlement title is too far away for a visually obvious match.
18.89590466057119,36.91406250000001,Penobscot,27.896987499832555,36.869213245927774,0.044849,9.001083,9.068357,Mucksquit,9.449235,duplicate,review,A named settlement marker (Goodman Hill) is closer to the proposed title.
20.03497127651161,40.10009765625001,Mucksquit,11.523059118255802,38.298322235709456,1.801775,8.511912,11.214575,Penobscot,12.708343,duplicate,review,A named settlement marker (Mucksquit) is closer to the proposed title.
19.352429877965967,27.268066406250004,Okommakamesit,28.284951553591984,29.794921844580458,2.526855,8.932522,12.722805,Whipsuppenike,15.730403,low,leave unchanged,Nearest settlement title is too far away for a visually obvious match.
24.266927326659292,42.31933593750001,Penobscot,27.896987499832555,36.869213245927774,5.450123,3.630060,11.805244,Mucksquit,18.775389,duplicate,review,A named settlement marker (Goodman Hill) is closer to the proposed title.
40.94612917944953,37.68310546875,Nashobah,41.705728515237524,36.49658203125001,1.186523,0.759599,2.539384,Musketaquid,14.266709,high,rename automatically,Close to and clearly separated from the next-nearest settlement title.
33.56033549257388,61.34765625000001,Misticke,33.632838453022224,59.85351568980685,1.494141,0.072503,2.313714,Squibnocket,7.060377,high,rename automatically,Close to and clearly separated from the next-nearest settlement title.
31.353926392327995,68.95019531250001,Winnisimmet,32.13903686440613,67.89572968906776,1.054466,0.785110,2.366809,Winnisimmet,7.330029,high,rename automatically,Close to and clearly separated from the next-nearest settlement title.
33.79698892147911,73.01513671875001,Winnisimmet,34.59704151614417,71.67480468750001,1.340332,0.800053,2.810551,Winnisimmet,9.337063,high,rename automatically,Close to and clearly separated from the next-nearest settlement title.
30.487096437490415,73.74023437500001,Winnisimmet,34.59704151614417,71.67480468750001,2.065430,4.109945,7.208090,Winnisimmet,10.418697,low,leave unchanged,Nearest settlement title is too far away for a visually obvious match.
41.16278798663197,83.51806640625001,Massabequash,40.1452892956766,78.79394531250001,4.724121,1.017499,8.103680,Chebaco,12.351318,low,leave unchanged,Nearest settlement title is too far away for a visually obvious match.
49.681846899401286,74.00390625000001,Shenewemedy,50.359480346298696,72.44384765625001,1.560059,0.677633,3.017721,Wahquamesecok,7.046702,medium,review,Another placeholder marker is closer to this same title; left unchanged to preserve one-to-one matching.
51.46746190298089,63.87451171875001,Cochichawick,52.1874047455997,61.78710937500001,2.087402,0.719943,3.851046,Pentucket,8.840329,high,rename automatically,Close to and clearly separated from the next-nearest settlement title.
52.32143399533718,68.46679687500001,Shenewemedy,50.359480346298696,72.44384765625001,3.977051,1.961954,7.927530,Cochichawick,10.153560,low,leave unchanged,Nearest settlement title is too far away for a visually obvious match.
50.28944548865566,71.47705078125001,Shenewemedy,50.359480346298696,72.44384765625001,0.966797,0.070035,1.520230,Wahquamesecok,11.444583,high,rename automatically,Close to and clearly separated from the next-nearest settlement title.
-42.87596878898569,-32.12402343750001,Ashowat,-42.03297433244139,-33.35449218750001,1.230469,0.842994,2.688698,Pashesauke,20.757165,high,rename automatically,Close to and clearly separated from the next-nearest settlement title.
-59.90016673427393,-70.92773437500001,Totoket,-59.888936896765834,-68.00542837562294,2.922306,0.011230,4.394689,Mioonktuck,6.828675,medium,review,Another placeholder marker is closer to this same title; left unchanged to preserve one-to-one matching.
-60.42475279712382,-67.17041015625001,Totoket,-59.888936896765834,-68.00542837562294,0.835018,0.535816,1.788343,Mioonktuck,11.940076,high,rename automatically,Close to and clearly separated from the next-nearest settlement title.
-44.44932763861106,32.34375000000001,Woossowenbiskw,-43.6920917086009,30.67477315482552,1.668977,0.757236,3.260701,Cocumcosuck,6.836744,high,rename automatically,Close to and clearly separated from the next-nearest settlement title.
-45.21264728120965,38.18847656250001,Cocumcosuck,-44.52760571857897,36.84939361414983,1.339083,0.685042,2.693666,Woossowenbiskw,12.791111,high,rename automatically,Close to and clearly separated from the next-nearest settlement title.
-36.403253635441885,50.91064453125001,Poppasquash,-36.3151251474805,49.63623046875001,1.274414,0.088128,1.999750,Montaup,4.400728,high,rename automatically,Close to and clearly separated from the next-nearest settlement title.
-36.73844338405072,54.36035156250001,Montaup,-35.92464453144098,53.52539062500001,0.834961,0.813799,2.066240,Mattapusit,4.942062,medium,review,Another placeholder marker is closer to this same title; left unchanged to preserve one-to-one matching.
-35.18796509142401,53.61328125000001,Montaup,-35.92464453144098,53.52539062500001,0.087891,0.736679,0.868515,Waypoyset,2.321064,high,rename automatically,Close to and clearly separated from the next-nearest settlement title.
-32.37995078692509,51.08642578125001,Kickimuit,-31.55981453201843,50.47119140625001,0.615234,0.820136,1.742988,Waypoyset,4.277234,high,rename automatically,Close to and clearly separated from the next-nearest settlement title.
-37.12486289441255,59.72167968750001,Quequechand,-36.27970720524017,57.85400390625,1.867676,0.845156,3.646669,Mattapusit,9.482355,high,rename automatically,Close to and clearly separated from the next-nearest settlement title.
-43.85038817586523,57.81005859375001,Espowett,-43.11748160856244,56.99769485394992,0.812364,0.732907,1.951452,Quequechand,7.636599,high,rename automatically,Close to and clearly separated from the next-nearest settlement title.
-44.0095067234058,75.60791015625001,Apponagansett,-43.96119063892026,74.15771484375001,1.450195,0.048316,2.223609,Achushnet,6.529869,high,rename automatically,Close to and clearly separated from the next-nearest settlement title.
-26.431199760361128,64.73144531250001,Assonet,-25.60190226111574,63.85253906250001,0.878906,0.829297,2.147657,Cohannet,16.796996,high,rename automatically,Close to and clearly separated from the next-nearest settlement title.
-21.146210315366762,83.45214843750001,Wampanucket,-20.468099350519722,77.8710362264454,5.581112,0.678111,9.049779,Namasachet,9.723086,duplicate,review,A named settlement marker (Pachade) is closer to the proposed title.
-18.375709055381044,83.93554687500001,Namasachet,-16.29903259997615,80.20154300720772,3.734004,2.076676,7.677682,Wampanucket,11.189156,duplicate,review,A named settlement marker (Pachade) is closer to the proposed title.
-61.45996387034884,142.49267578125003,Wesco,-61.4597705702975,141.76757812500003,0.725098,0.000193,1.087840,Miacomit,1.802669,high,rename automatically,Close to and clearly separated from the next-nearest settlement title.
-60.14175022218421,149.43603515625003,Quaise,-59.64554025144323,148.82080078125003,0.615234,0.496210,1.419062,Squatesit,1.778540,medium,review,The two nearest settlement titles have nearly equal scores.
-37.19513419096924,134.84619140625003,Sauguatucket,-34.34343606848294,146.51367187500003,11.667480,2.851698,20.352919,Cuppammet,26.489601,duplicate,review,A named settlement marker (Manamoycke) is closer to the proposed title.
-36.03146980766242,126.78222656250001,Cotachessett,-39.79165483525342,116.96044921875,9.821777,3.760185,18.492851,Santuit,20.101100,duplicate,review,A named settlement marker (Pawtucket) is closer to the proposed title.
-30.827215185061817,137.48291015625003,Sauguatucket,-34.34343606848294,146.51367187500003,9.030762,3.516221,17.062363,Namskaket,20.722117,duplicate,review,A named settlement marker (Manamoycke) is closer to the proposed title.
-26.31318630368297,152.62207031250003,Manamoycke,-34.016241889667015,151.47949218750003,1.142578,7.703056,9.416923,Namskaket,9.619924,duplicate,review,A named settlement marker (Manamoycke) is closer to the proposed title.
-25.145696633770918,152.99560546875003,Namskaket,-24.753550,147.248545,5.747060,0.392147,9.012737,Manamoycke,11.144715,duplicate,review,A named settlement marker (Namskaket) is closer to the proposed title.
-25.344380247056534,154.68750000000003,Namskaket,-24.753550,147.248545,7.438955,0.590830,11.749263,Manamoycke,13.483873,duplicate,review,A named settlement marker (Namskaket) is closer to the proposed title.
-26.941552470150757,150.53466796875003,Namskaket,-24.753550,147.248545,3.286123,2.188002,7.117187,Manamoycke,8.491926,duplicate,review,A named settlement marker (Namskaket) is closer to the proposed title.
-27.019854480761342,148.62304687500003,Namskaket,-24.753550,147.248545,1.374502,2.266304,4.328057,Sauguatucket,10.487644,duplicate,review,A named settlement marker (Namskaket) is closer to the proposed title.
38.82245799763665,-16.413574218750004,Nichewaug,39.65645604812829,-17.951660156250004,1.538086,0.833998,3.141127,Menameset,12.057115,high,rename automatically,Close to and clearly separated from the next-nearest settlement title.
49.69627036272315,51.48193359375001,Wamesit,50.44351305245807,50.42724609375001,1.054688,0.747243,2.329274,Pawtucket,10.594274,high,rename automatically,Close to and clearly separated from the next-nearest settlement title.
-7.601531395848714,-57.78808593750001,Nonotuck,26.391869671769022,-51.13037109375,6.657715,33.993401,43.979973,Pocumtuck,62.521800,duplicate,review,A named settlement marker (Nonotuck) is closer to the proposed title.
-5.7695453247274875,-46.07666015625001,Nonotuck,26.391869671769022,-51.13037109375,5.053711,32.161415,39.741981,Peskeomskut,55.243783,duplicate,review,A named settlement marker (Nonotuck) is closer to the proposed title.
-9.946517823755379,-40.80322265625001,Ashowat,-42.03297433244139,-33.35449218750001,7.448730,32.086457,43.259552,Nonotuck,51.829110,low,leave unchanged,Nearest settlement title is too far away for a visually obvious match.
-5.354150760822185,-52.11914062500001,Nonotuck,26.391869671769022,-51.13037109375,0.988770,31.746020,33.229175,Pocumtuck,51.771001,duplicate,review,A named settlement marker (Nonotuck) is closer to the proposed title.
47.2341248761915,50.62536157662888,Wamesit,50.44351305245807,50.42724609375001,0.198115,3.209388,3.506561,Pawtucket,11.771561,medium,review,Another placeholder marker is closer to this same title; left unchanged to preserve one-to-one matching.
24.106507079653614,68.77368269159157,Uniquititquessett,20.03507341605914,66.88503680747169,1.888646,4.071434,6.904402,Winnisimmet,9.349459,duplicate,review,A named settlement marker (Mattapan) is closer to the proposed title.
22.573745338624363,71.85100503768348,Uniquititquessett,20.03507341605914,66.88503680747169,4.965968,2.538672,9.987624,Winnisimmet,12.287597,duplicate,review,A named settlement marker (Mattapan) is closer to the proposed title.
19.973414902296028,68.37907060301313,Uniquititquessett,20.03507341605914,66.88503680747169,1.494034,0.061659,2.302709,Winnisimmet,12.890633,high,rename automatically,Close to and clearly separated from the next-nearest settlement title.
16.109226968604325,90.70342905307433,Quonahassit,18.312882947086592,89.69173373551898,1.011695,2.203656,3.721199,Patuxet,36.812369,medium,review,Another placeholder marker is closer to this same title; left unchanged to preserve one-to-one matching.
18.374796455267646,90.5495629357697,Quonahassit,18.312882947086592,89.69173373551898,0.857829,0.061914,1.348657,Agawam,36.203769,high,rename automatically,Close to and clearly separated from the next-nearest settlement title.
12.33962698536624,93.09845680197498,Quonahassit,18.312882947086592,89.69173373551898,3.406723,5.973256,11.083341,Patuxet,29.450227,low,leave unchanged,Nearest settlement title is too far away for a visually obvious match.
-62.92495331310624,-54.512344055454875,Pochaug,-62.46160496515689,-39.83331129165111,14.679033,0.463348,22.481897,Totoket,23.275643,low,leave unchanged,Nearest settlement title is too far away for a visually obvious match.
-63.19396652496589,-5.229023781412564,Noank,-59.81137296969263,-4.831724521069415,0.397299,3.382594,3.978542,Mistic,8.617220,medium,review,Another placeholder marker is closer to this same title; left unchanged to preserve one-to-one matching.
-63.03503351575593,-3.536496491062007,Noank,-59.81137296969263,-4.831724521069415,1.295228,3.223661,5.166503,Mistic,5.919496,medium,review,Another placeholder marker is closer to this same title; left unchanged to preserve one-to-one matching.
7.18810087117902,-63.08349609375001,Nonotuck,26.391869671769022,-51.13037109375,11.953125,19.203769,37.133456,Pocumtuck,55.675283,duplicate,review,A named settlement marker (Nonotuck) is closer to the proposed title.
4.477856485570586,-60.55664062500001,Nonotuck,26.391869671769022,-51.13037109375,9.426270,21.914013,36.053417,Pocumtuck,54.595244,duplicate,review,A named settlement marker (Nonotuck) is closer to the proposed title.
-52.46939684276204,58.11767578125001,Saconet,-51.84935276370606,57.23876953125,0.878906,0.620044,1.938403,Espowett,11.031887,high,rename automatically,Close to and clearly separated from the next-nearest settlement title.
8.798225459016358,-19.138183593750004,Menameset,29.171348850951507,-14.809570312500002,4.328613,20.373123,26.866043,Nichewaug,32.638016,low,leave unchanged,Nearest settlement title is too far away for a visually obvious match.
-41.228249015185305,79.21142578125001,Achushnet,-40.380028402511826,77.54150390625001,1.669922,0.848221,3.353103,Apponagansett,10.313508,high,rename automatically,Close to and clearly separated from the next-nearest settlement title.
40.01078714046552,81.21093750000001,Massabequash,40.1452892956766,78.79394531250001,2.416992,0.134502,3.759990,Nahumkeak,11.249602,high,rename automatically,Close to and clearly separated from the next-nearest settlement title.
39.9602803542957,82.99072265625001,Massabequash,40.1452892956766,78.79394531250001,4.196777,0.185009,6.480175,Nahumkeak,13.969786,low,leave unchanged,Nearest settlement title is too far away for a visually obvious match.
38.75408327579141,5.207519531250001,Waushacum,34.016241889667036,13.688964843750002,8.481445,4.737841,17.460009,Nashua,19.705858,low,leave unchanged,Nearest settlement title is too far away for a visually obvious match.
1.5818302639606454,-48.14208984375001,Nonotuck,26.391869671769022,-51.13037109375,2.988281,24.810039,29.292461,Pocumtuck,47.834288,duplicate,review,A named settlement marker (Nonotuck) is closer to the proposed title.
1.7575368113083254,-52.09716796875001,Nonotuck,26.391869671769022,-51.13037109375,0.966797,24.634333,26.084528,Pocumtuck,44.626355,duplicate,review,A named settlement marker (Nonotuck) is closer to the proposed title.
1.9551868337565232,-51.52587890625001,Nonotuck,26.391869671769022,-51.13037109375,0.395508,24.436683,25.029945,Pocumtuck,43.571771,duplicate,review,A named settlement marker (Nonotuck) is closer to the proposed title.
0.7250783020332547,-50.62500000000001,Nonotuck,26.391869671769022,-51.13037109375,0.505371,25.666791,26.424848,Pocumtuck,44.966675,duplicate,review,A named settlement marker (Nonotuck) is closer to the proposed title.
1.7355743631421197,-49.98779296875001,Nonotuck,26.391869671769022,-51.13037109375,1.142578,24.656295,26.370162,Pocumtuck,44.911989,duplicate,review,A named settlement marker (Nonotuck) is closer to the proposed title.
1.3621763466641712,-49.43847656250001,Nonotuck,26.391869671769022,-51.13037109375,1.691895,25.029693,27.567535,Pocumtuck,46.109362,duplicate,review,A named settlement marker (Nonotuck) is closer to the proposed title.
0.17578097424708533,-46.75781250000001,Nonotuck,26.391869671769022,-51.13037109375,4.372559,26.216089,32.774927,Peskeomskut,48.276728,duplicate,review,A named settlement marker (Nonotuck) is closer to the proposed title.
2.3943223575350774,-47.52685546875001,Nonotuck,26.391869671769022,-51.13037109375,3.603516,23.997547,29.402821,Peskeomskut,46.875185,duplicate,review,A named settlement marker (Nonotuck) is closer to the proposed title.
2.591888984149953,-50.07568359375001,Nonotuck,26.391869671769022,-51.13037109375,1.054687,23.799981,25.382012,Pocumtuck,43.923839,duplicate,review,A named settlement marker (Nonotuck) is closer to the proposed title.
2.833317196855306,-50.64697265625001,Nonotuck,26.391869671769022,-51.13037109375,0.483398,23.558552,24.283650,Pocumtuck,42.825477,duplicate,review,A named settlement marker (Nonotuck) is closer to the proposed title.
3.3160183381615123,-50.09765625000001,Nonotuck,26.391869671769022,-51.13037109375,1.032715,23.075851,24.624924,Pocumtuck,43.166750,duplicate,review,A named settlement marker (Nonotuck) is closer to the proposed title.
4.368320420876243,-50.03173828125001,Nonotuck,26.391869671769022,-51.13037109375,1.098633,22.023549,23.671498,Pocumtuck,42.213325,duplicate,review,A named settlement marker (Nonotuck) is closer to the proposed title.
8.167993177231883,-49.6142578125,Nonotuck,26.391869671769022,-51.13037109375,1.516113,18.223876,20.498046,Pocumtuck,39.039873,duplicate,review,A named settlement marker (Nonotuck) is closer to the proposed title.
8.99360046428003,-48.0322265625,Nonotuck,26.391869671769022,-51.13037109375,3.098145,17.398269,22.045486,Pocumtuck,40.587313,duplicate,review,A named settlement marker (Nonotuck) is closer to the proposed title.
-37.63163475580644,114.82910156250001,Santuit,-36.68608187767096,113.81790112001666,1.011200,0.945553,2.462354,Cotuit,3.213892,high,rename automatically,Close to and clearly separated from the next-nearest settlement title.
-47.66538735632655,99.38232421875001,Nobsque,-46.89020997262433,98.02001953125,1.362305,0.775177,2.818634,Sachonesset,10.166234,high,rename automatically,Close to and clearly separated from the next-nearest settlement title.
-28.03319784767635,106.10595703125001,Comasskumkanit,-27.839076094777816,103.82080078125001,2.285156,0.194122,3.621856,Aptuxcet,7.851934,high,rename automatically,Close to and clearly separated from the next-nearest settlement title.
-63.37183226679281,151.56738281250003,Squatesit,-59.18718526575666,149.98535156250003,1.582031,4.184647,6.557694,Satucket,7.542871,low,leave unchanged,Nearest settlement title is too far away for a visually obvious match.
-63.44068640036803,144.66796875000003,Miacomit,-62.60345318745797,142.93212890625003,1.735840,0.837233,3.440993,Shimmoh,5.466352,high,rename automatically,Close to and clearly separated from the next-nearest settlement title.
-59.60109549032134,150.93017578125003,Squatesit,-59.18718526575666,149.98535156250003,0.944824,0.413910,1.831147,Satucket,3.145914,high,rename automatically,Close to and clearly separated from the next-nearest settlement title.
31.725882537641308,-131.22224688860555,Kaunaumeek,32.50625615680383,-132.40458245675012,1.182336,0.780374,2.553877,Wnahtukook,45.835965,high,rename automatically,Close to and clearly separated from the next-nearest settlement title.
-31.541089879585822,81.43066406250001,Agawams,-31.42866311735861,80.11230468750001,1.318359,0.112427,2.089966,Sippican,14.235028,high,rename automatically,Close to and clearly separated from the next-nearest settlement title.
-13.325484885597936,145.28320312500003,Namskaket,-24.753550,147.248545,1.965342,11.428065,14.376078,Pamet,14.733739,duplicate,review,A named settlement marker (Namskaket) is closer to the proposed title.
64.650123754094,-39.66180298693398,Ktsi pontekw,65.34864542564475,-40.60616258442037,0.944360,0.698522,2.115061,Squakeag,10.212610,high,rename automatically,Close to and clearly separated from the next-nearest settlement title.
50.52739681329302,55.61279296875001,Wamesit,50.44351305245807,50.42724609375001,5.185547,0.083884,7.862204,Shawshinok,10.700513,low,leave unchanged,Nearest settlement title is too far away for a visually obvious match.
-57.124001816760575,113.77441406250001,Chappaquiddick,-57.36546210859709,110.21484355954729,3.559571,0.241460,5.580816,Weesquabs,16.991106,low,leave unchanged,Nearest settlement title is too far away for a visually obvious match.
-72.48189144841272,-8.371582031250002,Acabonack,-72.32913739787085,-15.314941406250002,6.943359,0.152754,10.567793,Munchogue,17.595359,low,leave unchanged,Nearest settlement title is too far away for a visually obvious match.
-72.84850201835972,-11.71142578125,Acabonack,-72.32913739787085,-15.314941406250002,3.603516,0.519365,5.924638,Pequotauk,15.999393,low,leave unchanged,Nearest settlement title is too far away for a visually obvious match.
-73.05464165865112,-10.502929687500002,Acabonack,-72.32913739787085,-15.314941406250002,4.812012,0.725504,7.943522,Pequotauk,18.018277,low,leave unchanged,Nearest settlement title is too far away for a visually obvious match.
-70.97402838932706,2.2631835937500004,Munchogue,-70.31133703000764,1.9116210937500002,0.351563,0.662691,1.190035,Shagwannock,3.494612,high,rename automatically,Close to and clearly separated from the next-nearest settlement title.
-71.55969222946285,-34.14550781250001,Pashesauke,-61.88709608905768,-33.28804828910797,0.857460,9.672596,10.958785,Pochaug,17.629792,low,leave unchanged,Nearest settlement title is too far away for a visually obvious match.
-73.16953636227886,-22.126464843750004,Acabonack,-72.32913739787085,-15.314941406250002,6.811523,0.840399,11.057684,Pequotauk,27.131591,low,leave unchanged,Nearest settlement title is too far away for a visually obvious match.
-68.02402198693447,-27.114257812500004,Pashesauke,-61.88709608905768,-33.28804828910797,6.173790,6.136926,15.397612,Acabonack,22.004090,low,leave unchanged,Nearest settlement title is too far away for a visually obvious match.
-68.19605229820671,-25.11474609375,Pashesauke,-61.88709608905768,-33.28804828910797,8.173302,6.308956,18.568910,Acabonack,18.832792,low,leave unchanged,Nearest settlement title is too far away for a visually obvious match.
-69.81689109911444,-32.95898437500001,Pashesauke,-61.88709608905768,-33.28804828910797,0.329064,7.929795,8.423391,Pochaug,17.666777,low,leave unchanged,Nearest settlement title is too far away for a visually obvious match.
-70.56880331763341,-35.04638671875001,Pashesauke,-61.88709608905768,-33.28804828910797,1.758338,8.681707,11.319215,Pochaug,15.287585,low,leave unchanged,Nearest settlement title is too far away for a visually obvious match.
-71.16648590317222,-39.83642578125,Pochaug,-62.46160496515689,-39.83331129165111,0.003114,8.704881,8.709553,Pashesauke,19.101956,low,leave unchanged,Nearest settlement title is too far away for a visually obvious match.
-71.23728930162322,-38.86962890625001,Pochaug,-62.46160496515689,-39.83331129165111,0.963682,8.775684,10.221208,Pashesauke,17.722564,low,leave unchanged,Nearest settlement title is too far away for a visually obvious match.
-70.7724429742589,-38.67187500000001,Pochaug,-62.46160496515689,-39.83331129165111,1.161436,8.310838,10.052992,Pashesauke,16.961087,low,leave unchanged,Nearest settlement title is too far away for a visually obvious match.
-68.95050024546569,-29.311523437500004,Pashesauke,-61.88709608905768,-33.28804828910797,3.976525,7.063404,13.028191,Pochaug,22.271577,low,leave unchanged,Nearest settlement title is too far away for a visually obvious match.
-71.23022052382078,-36.80419921875001,Pochaug,-62.46160496515689,-39.83331129165111,3.029112,8.768616,13.312284,Pashesauke,14.617351,low,leave unchanged,Nearest settlement title is too far away for a visually obvious match.
-71.46213966619457,-36.89208984375001,Pochaug,-62.46160496515689,-39.83331129165111,2.941221,9.000535,13.412367,Pashesauke,14.981106,low,leave unchanged,Nearest settlement title is too far away for a visually obvious match.
-71.49703690095419,-38.12255859375001,Pochaug,-62.46160496515689,-39.83331129165111,1.710753,9.035432,11.601561,Pashesauke,16.861706,low,leave unchanged,Nearest settlement title is too far away for a visually obvious match.
-71.80141030136787,-38.43017578125001,Pochaug,-62.46160496515689,-39.83331129165111,1.403136,9.339805,11.444509,Pashesauke,17.627505,low,leave unchanged,Nearest settlement title is too far away for a visually obvious match.
-74.72961516378618,-53.50341796875001,Pochaug,-62.46160496515689,-39.83331129165111,13.670107,12.268010,32.773170,Totoket,36.593694,low,leave unchanged,Nearest settlement title is too far away for a visually obvious match.
-74.58426829888151,-52.11914062500001,Pochaug,-62.46160496515689,-39.83331129165111,12.285829,12.122663,30.551407,Totoket,38.524763,low,leave unchanged,Nearest settlement title is too far away for a visually obvious match.
-74.36667478672422,-52.14111328125001,Pochaug,-62.46160496515689,-39.83331129165111,12.307802,11.905070,30.366773,Totoket,38.274211,low,leave unchanged,Nearest settlement title is too far away for a visually obvious match.
-74.2597383709313,-50.97656250000001,Pochaug,-62.46160496515689,-39.83331129165111,11.143251,11.798133,28.513010,Pashesauke,38.905414,low,leave unchanged,Nearest settlement title is too far away for a visually obvious match.
-74.2597383709313,-47.94433593750001,Pochaug,-62.46160496515689,-39.83331129165111,8.111025,11.798133,23.964670,Pashesauke,34.357074,low,leave unchanged,Nearest settlement title is too far away for a visually obvious match.
-72.60712040027555,-42.91259765625,Pochaug,-62.46160496515689,-39.83331129165111,3.079286,10.145515,14.764445,Pashesauke,25.156848,low,leave unchanged,Nearest settlement title is too far away for a visually obvious match.
-72.77708126440069,-43.59375000000001,Pochaug,-62.46160496515689,-39.83331129165111,3.760439,10.315476,15.956134,Pashesauke,26.348538,low,leave unchanged,Nearest settlement title is too far away for a visually obvious match.
-72.41563109719552,-40.89111328125001,Pochaug,-62.46160496515689,-39.83331129165111,1.057802,9.954026,11.540729,Pashesauke,21.933132,low,leave unchanged,Nearest settlement title is too far away for a visually obvious match.
-72.08743247624157,-40.38574218750001,Pochaug,-62.46160496515689,-39.83331129165111,0.552431,9.625828,10.454474,Pashesauke,20.846877,low,leave unchanged,Nearest settlement title is too far away for a visually obvious match.
-72.05361149670412,-38.69384765625001,Pochaug,-62.46160496515689,-39.83331129165111,1.139464,9.592007,11.301202,Pashesauke,18.275214,low,leave unchanged,Nearest settlement title is too far away for a visually obvious match.
47.279229002570844,-22.236328125000004,Pequig,48.019324184801185,-23.2470703125,1.010742,0.740095,2.256208,Nichewaug,14.049775,high,rename automatically,Close to and clearly separated from the next-nearest settlement title.
-59.07444815466584,6.08642578125,Wequetequock,-59.05174764761254,4.792027733958949,1.294398,0.022701,1.964298,Aushnook,5.676069,high,rename automatically,Close to and clearly separated from the next-nearest settlement title.
8.948342272107851,-45.525372025585845,Nonotuck,26.391869671769022,-51.13037109375,5.604999,17.443527,25.851026,Peskeomskut,41.352828,duplicate,review,A named settlement marker (Nonotuck) is closer to the proposed title.
27.466539645294674,31.35498069359003,Whipsuppenike,29.743477300551824,30.827636911847904,0.527344,2.276938,3.067953,Okommakamesit,3.158500,medium,review,The two nearest settlement titles have nearly equal scores.
28.979230834652927,32.56347669475885,Whipsuppenike,29.743477300551824,30.827636911847904,1.735840,0.764246,3.368006,Okommakamesit,4.847112,high,rename automatically,Close to and clearly separated from the next-nearest settlement title.
